"Reference","Qty","Value","DNP","Exclude from BOM","Exclude from Board","Footprint","Datasheet"
"BZ601","1","passive piezo","","","","Buzzer_Beeper:Buzzer_12x9.5RM7.6",""
"C101","1","100u/35V poly","","","","Capacitor_Tantalum_SMD:CP_EIA-7343-31_Kemet-D",""
"C102,C106,C113,C120","4","100n/50V","","","","Capacitor_SMD:C_0603_1608Metric",""
"C103,C107,C110,C114,C117,C121,C124,C127,C128,C402,C503,C504,C510,C601,C602,C603","16","100n","","","","Capacitor_SMD:C_0603_1608Metric",""
"C104,C105,C111,C112,C118,C119","6","10u/25V","","","","Capacitor_SMD:C_1210_3225Metric",""
"C108,C109,C115,C116,C122,C123","6","22u/16V","","","","Capacitor_SMD:C_1210_3225Metric",""
"C125,C126","2","1u","","","","Capacitor_SMD:C_0805_2012Metric",""
"C201,C202,C203,C204,C205,C208,C213,C301,C302,C304,C305,C306","12","100n","","","","Capacitor_SMD:C_0402_1005Metric",""
"C206,C214","2","4.7u","","","","Capacitor_SMD:C_0805_2012Metric",""
"C207","1","1u","","","","Capacitor_SMD:C_0603_1608Metric",""
"C209,C210,C303","3","2.2u","","","","Capacitor_SMD:C_0603_1608Metric",""
"C211,C212","2","10p","","","","Capacitor_SMD:C_0402_1005Metric",""
"C401,C509","2","470u/16V","","","","Capacitor_SMD:CP_Elec_8x10.5",""
"C403","1","10u","","","","Capacitor_SMD:C_1210_3225Metric",""
"C501,C502","2","10u/16V","","","","Capacitor_SMD:C_1210_3225Metric",""
"C505,C506","2","2.2u/6.3V","","","","Capacitor_SMD:C_0603_1608Metric",""
"C507,C508","2","10n/16V","","","","Capacitor_SMD:C_0603_1608Metric",""
"D101","1","SMBJ20A","","","","Diode_SMD:D_SMB",""
"D102","1","BAT54C","","","","Package_TO_SOT_SMD:SOT-23",""
"F101","1","3A","","","","Fuse:Fuse_1206_3216Metric",""
"FB201","1","600R@100MHz","","","","Inductor_SMD:L_0805_2012Metric",""
"J101","1","XT60_PACK_IN","","","","Connector_AMASS:AMASS_XT60PW-F_1x02_P7.20mm_Horizontal",""
"J102","1","XT60_ESC_OUT","","","","Connector_AMASS:AMASS_XT60PW-F_1x02_P7.20mm_Horizontal",""
"J201","1","USB-C","","","","Connector_USB:USB_C_Receptacle_GCT_USB4085",""
"J202","1","SWD+SWO","","","","Connector_PinHeader_1.27mm:PinHeader_1x06_P1.27mm_Vertical",""
"J401","1","ESC_SIGNAL","","","","Connector_PinHeader_2.54mm:PinHeader_1x03_P2.54mm_Vertical",""
"J402","1","SERVO1_AIL_L","","","","Connector_PinHeader_2.54mm:PinHeader_1x03_P2.54mm_Vertical",""
"J403","1","SERVO2_AIL_R","","","","Connector_PinHeader_2.54mm:PinHeader_1x03_P2.54mm_Vertical",""
"J404","1","SERVO3_ELEVATOR","","","","Connector_PinHeader_2.54mm:PinHeader_1x03_P2.54mm_Vertical",""
"J405","1","SERVO4_RUDDER","","","","Connector_PinHeader_2.54mm:PinHeader_1x03_P2.54mm_Vertical",""
"J501","1","N20_1","","","","Connector_JST:JST_PH_S2B-PH-K_1x02_P2.00mm_Horizontal",""
"J502","1","N20_2","","","","Connector_JST:JST_PH_S2B-PH-K_1x02_P2.00mm_Horizontal",""
"J503","1","N20_3","","","","Connector_JST:JST_PH_S2B-PH-K_1x02_P2.00mm_Horizontal",""
"J504","1","N20_4","","","","Connector_JST:JST_PH_S2B-PH-K_1x02_P2.00mm_Horizontal",""
"J601","1","GPS_COMPASS","","","","Connector_JST:JST_GH_BM06B-GHS-TBT_1x06-1MP_P1.25mm_Vertical",""
"J602","1","RC_IN_CRSF_SBUS","","","","Connector_JST:JST_GH_BM04B-GHS-TBT_1x04-1MP_P1.25mm_Vertical",""
"J603","1","TELEM1_MAVLINK","","","","Connector_JST:JST_GH_BM06B-GHS-TBT_1x06-1MP_P1.25mm_Vertical",""
"J604","1","SOLAR_BOARD_J6","","","","Connector_JST:JST_GH_BM04B-GHS-TBT_1x04-1MP_P1.25mm_Vertical",""
"J605","1","I2C_AIRSPEED","","","","Connector_JST:JST_GH_BM04B-GHS-TBT_1x04-1MP_P1.25mm_Vertical",""
"J606","1","UART5_SPARE","","","","Connector_JST:JST_GH_BM04B-GHS-TBT_1x04-1MP_P1.25mm_Vertical",""
"J607","1","SAFETY_SWITCH","","","","Connector_JST:JST_GH_BM03B-GHS-TBT_1x03-1MP_P1.25mm_Vertical",""
"J608","1","ANALOG_IN","","","","Connector_JST:JST_GH_BM05B-GHS-TBT_1x05-1MP_P1.25mm_Vertical",""
"L101","1","10uH SRP7028A-100M","","","","Inductor_SMD:L_Bourns_SRP7028A_7.3x6.6mm",""
"L102,L103","2","6.8uH SRP1245A-6R8M","","","","Inductor_SMD:L_Bourns_SRP1245A",""
"LED601","1","red","","","","LED_SMD:LED_0603_1608Metric",""
"LED602","1","blue","","","","LED_SMD:LED_0603_1608Metric",""
"LED603","1","green PWR","","","","LED_SMD:LED_0603_1608Metric",""
"Q601,Q602","2","2N7002","","","","2N7002:TRANS_2N7002",""
"R102","1","1m","","","","Resistor_SMD:R_2512_6332Metric",""
"R103,R107,R111","3","63.4k","","","","Resistor_SMD:R_0603_1608Metric",""
"R104,R106,R108,R110,R112,R114,R201,R202,R501,R601,R603,R605","12","10k","","","","Resistor_SMD:R_0603_1608Metric",""
"R105","1","75k","","","","Resistor_SMD:R_0603_1608Metric",""
"R109,R113","2","90.9k","","","","Resistor_SMD:R_0603_1608Metric",""
"R115","1","47k 1%","","","","Resistor_SMD:R_0603_1608Metric",""
"R116","1","10k 1%","","","","Resistor_SMD:R_0603_1608Metric",""
"R203,R204","2","5.1k","","","","Resistor_SMD:R_0402_1005Metric",""
"R301,R302","2","4.7k","","","","Resistor_SMD:R_0603_1608Metric",""
"R303,R304","2","10k","","","","Resistor_SMD:R_0402_1005Metric",""
"R502","1","100k","","","","Resistor_SMD:R_0603_1608Metric",""
"R503,R504,R505,R506","4","0R15 0.5W","","","","Resistor_SMD:R_1206_3216Metric",""
"R604,R606","2","330R","","","","Resistor_SMD:R_0603_1608Metric",""
"R607","1","220R","","","","Resistor_SMD:R_0603_1608Metric",""
"R608","1","470R","","","","Resistor_SMD:R_0603_1608Metric",""
"R609,R610,R611","3","1k","","","","Resistor_SMD:R_0603_1608Metric",""
"SJ401","1","ESC_5V_EN","","","","Jumper:SolderJumper-2_P1.3mm_Open_Pad1.0x1.5mm",""
"SJ601","1","CRSF_DIRECT","","","","Jumper:SolderJumper-2_P1.3mm_Bridged_Pad1.0x1.5mm",""
"SJ602","1","SBUS_INVERTED","","","","Jumper:SolderJumper-2_P1.3mm_Open_Pad1.0x1.5mm",""
"SW201","1","RESET","","","","Button_Switch_SMD:SW_SPST_B3S-1000",""
"SW202","1","BOOT0/DFU","","","","Button_Switch_SMD:SW_SPST_B3S-1000",""
"U101","1","INA228AIDGSR","","","","INA228AIDGSR:SOP50P490X110-10N",""
"U102","1","TPS54202DDCR","","","","TPS54202DDCR:DDC0006A_N",""
"U103,U104","2","TPS54302DDCR","","","","TPS54202DDCR:DDC0006A_N",""
"U105","1","AP2112K-3.3TRG1","","","","AP2112K_3_3TRG1:SOT_RG1_DIO",""
"U201","1","STM32F405RGT6","","","","STM32F405RGT6:LQFP64-10x10mm",""
"U202","1","USBLC6-2SC6","","","","USBLC6_2SC6:SOT23-6L_STM",""
"U301","1","ICM-42688-P","","","","ICM_42688_P:LGA14_2P5X3X0P91_TDK",""
"U302","1","DPS310XTSA1","","","","DPS310XTSA1:XDCR_DPS310XTSA1",""
"U303","1","W25Q128JVSIQ","","","","W25Q128JVSIQ:SOIC_128JVSIQ_WIN",""
"U501,U502","2","DRV8833PWP","","","","Package_SO:HTSSOP-16-1EP_4.4x5mm_P0.65mm_EP3.4x5mm_Mask2.46x2.31mm_ThermalVias",""
"Y201","1","8.000MHz 10ppm CL8pF","","","","Crystal:Crystal_SMD_3225-4Pin_3.2x2.5mm",""
